policy_topic,policy_topic_label,n,coef,se,pvalue,model_type
security_defense,Security/Defense,6832,-0.03478284992831128,0.04911873834366797,0.47885950297624325,glm
health,Health,10618,-0.0954233680041594,0.046618730969048915,0.04066898356022621,glm
economy,Economy,26230,0.019235821914971092,0.022947507533355473,0.4018885068885373,glm
foreign_policy,Foreign Policy,2775,0.11559884391337104,0.07687493260831704,0.1326519016113066,glm
education,Education,8448,-0.000996522609115258,0.051911530886278826,0.9846843050205872,glm
climate_environment,Climate/Environment,6367,-0.08531931430736728,0.0475126360947692,0.0725393159062611,glm
