chair_gender,speaker_gender,n,interjection_rate,avg_interjections
female,female,7529,0.1538052862265905,0.3716296984991367
female,male,19731,0.21286300745020525,0.5563833561400842
male,female,40193,0.1405717413479959,0.3012464857064663
male,male,132906,0.21640858952944186,0.5306532436458851
