party,n_turns,n_heckles,heckle_rate_per_100_turns
ALP,196308,50434,25.691260672005217
LIBERAL,174786,29882,17.096334946734864
NATIONAL,35165,3494,9.936015924925352
IND,6944,1073,15.452188940092165
LNP,6196,463,7.472562943834732
CLP,976,210,21.516393442622952
GREENS,1705,203,11.906158357771261
AUS,772,175,22.66839378238342
KAP,434,108,24.88479262672811
CA,681,20,2.9368575624082234
NXT,185,13,7.027027027027027
PUP,84,4,4.761904761904762
UAP,103,2,1.941747572815534
