speaker_party,female,male,gap_pp
ALP,0.1497859363087209,0.1994007082538818,4.96147719451609
GRN,0.09497206703910614,0.15759637188208617,6.262430484298003
NP,0.12439613526570048,0.20762736879390756,8.323123352820708
LIB,0.1260402915686162,0.23202153235078918,10.598124078217296
IND,0.05511346890657236,0.194376952447067,13.92634835404946
