component,value
total_gap,0.08325859086157156
within_cell_effect,0.061466161831921884
composition_effect,0.026455102267036318
