policy_topic,policy_topic_label,n,coef,se,pvalue,model_type
security_defense,Security/Defense,5278,-0.17807141128028825,0.05822846285673052,0.0022270758749227243,clustered
health,Health,7821,-0.10296199509807397,0.049742858726529726,0.038463118778942124,clustered
economy,Economy,19584,0.0030578030375232705,0.028076548252317996,0.9132742657499096,clustered
foreign_policy,Foreign Policy,2224,-0.06792365564211798,0.0691679068553408,0.3260943559757601,clustered
education,Education,6203,-0.06674924684211844,0.061211070734943626,0.275503208489674,clustered
climate_environment,Climate/Environment,4573,-0.16337345946286685,0.06940117178307138,0.018570378630732996,clustered
